ryandecian/Anne-Saunier		public	2025-03-04T13:55:32Z
ryandecian/Front-Express-Cupidon		public	2025-02-14T14:47:10Z
ryandecian/Cupidon-Express		public	2025-02-14T12:23:12Z
ryandecian/portfolio-ryan-decian		public	2025-01-24T00:01:23Z
ryandecian/Projet-bille		public	2025-01-22T22:40:47Z
ryandecian/GenkiAnime		public	2025-01-20T11:24:57Z
ryandecian/Outil-Test-Viewport		public	2025-01-14T00:37:39Z
ryandecian/Projet-billes		public	2025-01-06T11:47:42Z
ryandecian/GitHub-activity-generator		public	2025-01-03T11:15:44Z
ryandecian/ChristmasDay		public	2024-12-31T20:57:56Z
ryandecian/app-react		public	2024-12-10T19:31:19Z
ryandecian/Worckshop-Creation-API		public	2024-11-26T10:01:20Z
ryandecian/React_Intermediaire_02_-_Context_API		public	2024-11-18T10:17:31Z
ryandecian/fetch-employees	Quête React Intermediaire	public	2024-11-06T12:10:53Z
ryandecian/animation-card	Jeu de couleur sur bordure	public	2024-11-05T22:43:58Z
ryandecian/my-app-with-router		public	2024-10-31T11:23:05Z
ryandecian/card-html-css		public	2024-10-25T17:02:23Z
ryandecian/wild-eat2		public	2024-10-18T10:05:04Z
ryandecian/oops		public	2024-10-17T10:34:11Z
ryandecian/website-flow		public	2024-10-17T10:10:55Z
ryandecian/my-awesome-project		public	2024-10-15T11:54:43Z
ryandecian/ryandecian	Config files for my GitHub profile.	public	2024-10-08T13:58:01Z
ryandecian/wild-project		public	2024-10-07T20:45:39Z
ryandecian/wild-git		private	2024-10-02T15:06:53Z
ryandecian/Livre-gemmologie	Site internet encyclopedie et base de donnée image gemmologie	private	2024-10-02T12:43:16Z
ryandecian/helloWorld	in english please	public	2024-10-02T12:40:29Z
